timestamp_utc,phase,current_replicas,desired_replicas,cpu_utilization_percent,pod,cpu_m,memory_mi
2026-10-04T20:31:57.296004+00:00,idle,2,2,2,credit-service-b98796f55-2t6zp,2,196
2026-10-04T20:31:57.296004+00:00,idle,2,2,2,credit-service-b98796f55-mtqsc,3,189
2026-10-04T20:32:07.480774+00:00,users_10,2,2,2,credit-service-b98796f55-2t6zp,2,196
2026-10-04T20:32:07.480774+00:00,users_10,2,2,2,credit-service-b98796f55-mtqsc,2,189
2026-10-04T20:32:17.758515+00:00,users_10,2,2,2,credit-service-b98796f55-2t6zp,3,196
2026-10-04T20:32:17.758515+00:00,users_10,2,2,2,credit-service-b98796f55-mtqsc,46,190
2026-10-04T20:32:27.953821+00:00,users_10,2,2,24,credit-service-b98796f55-2t6zp,3,196
2026-10-04T20:32:27.953821+00:00,users_10,2,2,24,credit-service-b98796f55-mtqsc,46,190
2026-10-04T20:32:38.130119+00:00,users_10,2,2,24,credit-service-b98796f55-2t6zp,234,198
2026-10-04T20:32:38.130119+00:00,users_10,2,2,24,credit-service-b98796f55-mtqsc,46,190
2026-10-04T20:32:48.309133+00:00,users_10,2,4,140,credit-service-b98796f55-2t6zp,203,198
2026-10-04T20:32:48.309133+00:00,users_10,2,4,140,credit-service-b98796f55-mtqsc,222,192
2026-10-04T20:32:58.681881+00:00,users_10,4,6,212,credit-service-b98796f55-2t6zp,203,198
2026-10-04T20:32:58.681881+00:00,users_10,4,6,212,credit-service-b98796f55-mtqsc,222,192
2026-10-04T20:33:09.050112+00:00,users_10,4,6,212,credit-service-b98796f55-2t6zp,192,199
2026-10-04T20:33:09.050112+00:00,users_10,4,6,212,credit-service-b98796f55-fpft6,522,190
2026-10-04T20:33:09.050112+00:00,users_10,4,6,212,credit-service-b98796f55-mtqsc,222,192
2026-10-04T20:33:19.308540+00:00,users_10,6,6,207,credit-service-b98796f55-2t6zp,156,198
2026-10-04T20:33:19.308540+00:00,users_10,6,6,207,credit-service-b98796f55-fpft6,378,189
2026-10-04T20:33:19.308540+00:00,users_10,6,6,207,credit-service-b98796f55-mtqsc,133,191
2026-10-04T20:33:19.308540+00:00,users_10,6,6,207,credit-service-b98796f55-nwdjm,80,189
2026-10-04T20:33:29.487181+00:00,users_10,6,6,123,credit-service-b98796f55-24lpt,65,190
2026-10-04T20:33:29.487181+00:00,users_10,6,6,123,credit-service-b98796f55-2t6zp,83,198
2026-10-04T20:33:29.487181+00:00,users_10,6,6,123,credit-service-b98796f55-fpft6,83,190
2026-10-04T20:33:29.487181+00:00,users_10,6,6,123,credit-service-b98796f55-h5mvf,59,189
2026-10-04T20:33:29.487181+00:00,users_10,6,6,123,credit-service-b98796f55-mtqsc,66,191
2026-10-04T20:33:29.487181+00:00,users_10,6,6,123,credit-service-b98796f55-nwdjm,86,189
2026-10-04T20:33:39.641164+00:00,users_10,6,6,123,credit-service-b98796f55-24lpt,65,190
2026-10-04T20:33:39.641164+00:00,users_10,6,6,123,credit-service-b98796f55-2t6zp,83,198
2026-10-04T20:33:39.641164+00:00,users_10,6,6,123,credit-service-b98796f55-fpft6,83,190
2026-10-04T20:33:39.641164+00:00,users_10,6,6,123,credit-service-b98796f55-h5mvf,59,189
2026-10-04T20:33:39.641164+00:00,users_10,6,6,123,credit-service-b98796f55-mtqsc,66,191
2026-10-04T20:33:39.641164+00:00,users_10,6,6,123,credit-service-b98796f55-nwdjm,86,189
2026-10-04T20:33:49.817203+00:00,users_10,6,6,73,credit-service-b98796f55-24lpt,61,191
2026-10-04T20:33:49.817203+00:00,users_10,6,6,73,credit-service-b98796f55-2t6zp,65,198
2026-10-04T20:33:49.817203+00:00,users_10,6,6,73,credit-service-b98796f55-fpft6,63,191
2026-10-04T20:33:49.817203+00:00,users_10,6,6,73,credit-service-b98796f55-h5mvf,61,190
2026-10-04T20:33:49.817203+00:00,users_10,6,6,73,credit-service-b98796f55-mtqsc,66,191
2026-10-04T20:33:49.817203+00:00,users_10,6,6,73,credit-service-b98796f55-nwdjm,64,189
2026-10-04T20:33:59.991594+00:00,users_10,6,6,63,credit-service-b98796f55-24lpt,61,191
2026-10-04T20:33:59.991594+00:00,users_10,6,6,63,credit-service-b98796f55-2t6zp,70,197
2026-10-04T20:33:59.991594+00:00,users_10,6,6,63,credit-service-b98796f55-fpft6,63,191
2026-10-04T20:33:59.991594+00:00,users_10,6,6,63,credit-service-b98796f55-h5mvf,75,190
2026-10-04T20:33:59.991594+00:00,users_10,6,6,63,credit-service-b98796f55-mtqsc,65,192
2026-10-04T20:33:59.991594+00:00,users_10,6,6,63,credit-service-b98796f55-nwdjm,70,190
2026-10-04T20:34:10.160603+00:00,users_10,6,6,63,credit-service-b98796f55-24lpt,61,191
2026-10-04T20:34:10.160603+00:00,users_10,6,6,63,credit-service-b98796f55-2t6zp,70,197
2026-10-04T20:34:10.160603+00:00,users_10,6,6,63,credit-service-b98796f55-fpft6,63,191
2026-10-04T20:34:10.160603+00:00,users_10,6,6,63,credit-service-b98796f55-h5mvf,75,190
2026-10-04T20:34:10.160603+00:00,users_10,6,6,63,credit-service-b98796f55-mtqsc,65,192
2026-10-04T20:34:10.160603+00:00,users_10,6,6,63,credit-service-b98796f55-nwdjm,70,190
2026-10-04T20:34:20.448681+00:00,cooldown_after_10,6,6,67,credit-service-b98796f55-24lpt,74,190
2026-10-04T20:34:20.448681+00:00,cooldown_after_10,6,6,67,credit-service-b98796f55-2t6zp,65,198
2026-10-04T20:34:20.448681+00:00,cooldown_after_10,6,6,67,credit-service-b98796f55-fpft6,58,190
2026-10-04T20:34:20.448681+00:00,cooldown_after_10,6,6,67,credit-service-b98796f55-h5mvf,75,190
2026-10-04T20:34:20.448681+00:00,cooldown_after_10,6,6,67,credit-service-b98796f55-mtqsc,57,191
2026-10-04T20:34:20.448681+00:00,cooldown_after_10,6,6,67,credit-service-b98796f55-nwdjm,66,190
2026-10-04T20:34:30.648027+00:00,cooldown_after_10,6,6,65,credit-service-b98796f55-24lpt,30,190
2026-10-04T20:34:30.648027+00:00,cooldown_after_10,6,6,65,credit-service-b98796f55-2t6zp,3,197
2026-10-04T20:34:30.648027+00:00,cooldown_after_10,6,6,65,credit-service-b98796f55-fpft6,3,190
2026-10-04T20:34:30.648027+00:00,cooldown_after_10,6,6,65,credit-service-b98796f55-h5mvf,39,190
2026-10-04T20:34:30.648027+00:00,cooldown_after_10,6,6,65,credit-service-b98796f55-mtqsc,2,190
2026-10-04T20:34:30.648027+00:00,cooldown_after_10,6,6,65,credit-service-b98796f55-nwdjm,2,189
2026-10-04T20:34:40.809946+00:00,cooldown_after_10,6,6,65,credit-service-b98796f55-24lpt,30,190
2026-10-04T20:34:40.809946+00:00,cooldown_after_10,6,6,65,credit-service-b98796f55-2t6zp,3,197
2026-10-04T20:34:40.809946+00:00,cooldown_after_10,6,6,65,credit-service-b98796f55-fpft6,3,190
2026-10-04T20:34:40.809946+00:00,cooldown_after_10,6,6,65,credit-service-b98796f55-h5mvf,39,190
2026-10-04T20:34:40.809946+00:00,cooldown_after_10,6,6,65,credit-service-b98796f55-mtqsc,2,190
2026-10-04T20:34:40.809946+00:00,cooldown_after_10,6,6,65,credit-service-b98796f55-nwdjm,2,189
2026-10-04T20:34:51.028040+00:00,cooldown_after_10,6,6,2,credit-service-b98796f55-24lpt,2,190
2026-10-04T20:34:51.028040+00:00,cooldown_after_10,6,6,2,credit-service-b98796f55-2t6zp,2,197
2026-10-04T20:34:51.028040+00:00,cooldown_after_10,6,6,2,credit-service-b98796f55-fpft6,2,190
2026-10-04T20:34:51.028040+00:00,cooldown_after_10,6,6,2,credit-service-b98796f55-h5mvf,2,190
2026-10-04T20:34:51.028040+00:00,cooldown_after_10,6,6,2,credit-service-b98796f55-mtqsc,2,190
2026-10-04T20:34:51.028040+00:00,cooldown_after_10,6,6,2,credit-service-b98796f55-nwdjm,2,189
2026-10-04T20:35:01.174178+00:00,cooldown_after_10,6,6,2,credit-service-b98796f55-24lpt,2,190
2026-10-04T20:35:01.174178+00:00,cooldown_after_10,6,6,2,credit-service-b98796f55-2t6zp,2,197
2026-10-04T20:35:01.174178+00:00,cooldown_after_10,6,6,2,credit-service-b98796f55-fpft6,2,190
2026-10-04T20:35:01.174178+00:00,cooldown_after_10,6,6,2,credit-service-b98796f55-h5mvf,2,189
2026-10-04T20:35:01.174178+00:00,cooldown_after_10,6,6,2,credit-service-b98796f55-mtqsc,2,190
2026-10-04T20:35:01.174178+00:00,cooldown_after_10,6,6,2,credit-service-b98796f55-nwdjm,2,189
2026-10-04T20:35:11.405673+00:00,cooldown_after_10,6,6,2,credit-service-b98796f55-24lpt,2,190
2026-10-04T20:35:11.405673+00:00,cooldown_after_10,6,6,2,credit-service-b98796f55-2t6zp,2,197
2026-10-04T20:35:11.405673+00:00,cooldown_after_10,6,6,2,credit-service-b98796f55-fpft6,2,190
2026-10-04T20:35:11.405673+00:00,cooldown_after_10,6,6,2,credit-service-b98796f55-h5mvf,2,189
2026-10-04T20:35:11.405673+00:00,cooldown_after_10,6,6,2,credit-service-b98796f55-mtqsc,2,190
2026-10-04T20:35:11.405673+00:00,cooldown_after_10,6,6,2,credit-service-b98796f55-nwdjm,2,189
2026-10-04T20:35:21.629550+00:00,cooldown_after_10,6,6,2,credit-service-b98796f55-24lpt,2,189
2026-10-04T20:35:21.629550+00:00,cooldown_after_10,6,6,2,credit-service-b98796f55-2t6zp,2,197
2026-10-04T20:35:21.629550+00:00,cooldown_after_10,6,6,2,credit-service-b98796f55-fpft6,2,190
2026-10-04T20:35:21.629550+00:00,cooldown_after_10,6,6,2,credit-service-b98796f55-h5mvf,2,189
2026-10-04T20:35:21.629550+00:00,cooldown_after_10,6,6,2,credit-service-b98796f55-mtqsc,2,190
2026-10-04T20:35:21.629550+00:00,cooldown_after_10,6,6,2,credit-service-b98796f55-nwdjm,2,189
2026-10-04T20:35:31.797259+00:00,cooldown_after_10,6,6,2,credit-service-b98796f55-24lpt,2,190
2026-10-04T20:35:31.797259+00:00,cooldown_after_10,6,6,2,credit-service-b98796f55-2t6zp,2,197
2026-10-04T20:35:31.797259+00:00,cooldown_after_10,6,6,2,credit-service-b98796f55-fpft6,2,190
2026-10-04T20:35:31.797259+00:00,cooldown_after_10,6,6,2,credit-service-b98796f55-h5mvf,3,189
2026-10-04T20:35:31.797259+00:00,cooldown_after_10,6,6,2,credit-service-b98796f55-mtqsc,3,191
2026-10-04T20:35:31.797259+00:00,cooldown_after_10,6,6,2,credit-service-b98796f55-nwdjm,2,189
2026-10-04T20:35:42.033996+00:00,cooldown_after_10,6,6,2,credit-service-b98796f55-24lpt,2,190
2026-10-04T20:35:42.033996+00:00,cooldown_after_10,6,6,2,credit-service-b98796f55-2t6zp,2,197
2026-10-04T20:35:42.033996+00:00,cooldown_after_10,6,6,2,credit-service-b98796f55-fpft6,2,190
2026-10-04T20:35:42.033996+00:00,cooldown_after_10,6,6,2,credit-service-b98796f55-h5mvf,3,189
2026-10-04T20:35:42.033996+00:00,cooldown_after_10,6,6,2,credit-service-b98796f55-mtqsc,3,191
2026-10-04T20:35:42.033996+00:00,cooldown_after_10,6,6,2,credit-service-b98796f55-nwdjm,2,189
2026-10-04T20:35:52.261303+00:00,cooldown_after_10,6,6,2,credit-service-b98796f55-24lpt,2,190
2026-10-04T20:35:52.261303+00:00,cooldown_after_10,6,6,2,credit-service-b98796f55-2t6zp,2,197
2026-10-04T20:35:52.261303+00:00,cooldown_after_10,6,6,2,credit-service-b98796f55-fpft6,2,190
2026-10-04T20:35:52.261303+00:00,cooldown_after_10,6,6,2,credit-service-b98796f55-h5mvf,2,189
2026-10-04T20:35:52.261303+00:00,cooldown_after_10,6,6,2,credit-service-b98796f55-mtqsc,2,190
2026-10-04T20:35:52.261303+00:00,cooldown_after_10,6,6,2,credit-service-b98796f55-nwdjm,2,189
2026-10-04T20:36:02.474914+00:00,cooldown_after_10,6,6,2,credit-service-b98796f55-24lpt,2,189
2026-10-04T20:36:02.474914+00:00,cooldown_after_10,6,6,2,credit-service-b98796f55-2t6zp,2,197
2026-10-04T20:36:02.474914+00:00,cooldown_after_10,6,6,2,credit-service-b98796f55-fpft6,3,190
2026-10-04T20:36:02.474914+00:00,cooldown_after_10,6,6,2,credit-service-b98796f55-h5mvf,2,189
2026-10-04T20:36:02.474914+00:00,cooldown_after_10,6,6,2,credit-service-b98796f55-mtqsc,2,190
2026-10-04T20:36:02.474914+00:00,cooldown_after_10,6,6,2,credit-service-b98796f55-nwdjm,2,189
2026-10-04T20:36:12.702055+00:00,cooldown_after_10,6,6,2,credit-service-b98796f55-24lpt,2,189
2026-10-04T20:36:12.702055+00:00,cooldown_after_10,6,6,2,credit-service-b98796f55-2t6zp,2,197
2026-10-04T20:36:12.702055+00:00,cooldown_after_10,6,6,2,credit-service-b98796f55-fpft6,3,190
2026-10-04T20:36:12.702055+00:00,cooldown_after_10,6,6,2,credit-service-b98796f55-h5mvf,2,189
2026-10-04T20:36:12.702055+00:00,cooldown_after_10,6,6,2,credit-service-b98796f55-mtqsc,2,190
2026-10-04T20:36:12.702055+00:00,cooldown_after_10,6,6,2,credit-service-b98796f55-nwdjm,2,189
2026-10-04T20:36:22.922796+00:00,cooldown_after_10,6,6,2,credit-service-b98796f55-24lpt,3,190
2026-10-04T20:36:22.922796+00:00,cooldown_after_10,6,6,2,credit-service-b98796f55-2t6zp,2,197
2026-10-04T20:36:22.922796+00:00,cooldown_after_10,6,6,2,credit-service-b98796f55-fpft6,2,190
2026-10-04T20:36:22.922796+00:00,cooldown_after_10,6,6,2,credit-service-b98796f55-h5mvf,2,190
2026-10-04T20:36:22.922796+00:00,cooldown_after_10,6,6,2,credit-service-b98796f55-mtqsc,2,190
2026-10-04T20:36:22.922796+00:00,cooldown_after_10,6,6,2,credit-service-b98796f55-nwdjm,2,189
2026-10-04T20:36:33.138635+00:00,cooldown_after_10,6,6,3,credit-service-b98796f55-24lpt,3,190
2026-10-04T20:36:33.138635+00:00,cooldown_after_10,6,6,3,credit-service-b98796f55-2t6zp,3,197
2026-10-04T20:36:33.138635+00:00,cooldown_after_10,6,6,3,credit-service-b98796f55-fpft6,3,190
2026-10-04T20:36:33.138635+00:00,cooldown_after_10,6,6,3,credit-service-b98796f55-h5mvf,3,190
2026-10-04T20:36:33.138635+00:00,cooldown_after_10,6,6,3,credit-service-b98796f55-mtqsc,3,190
2026-10-04T20:36:33.138635+00:00,cooldown_after_10,6,6,3,credit-service-b98796f55-nwdjm,3,189
2026-10-04T20:36:43.356911+00:00,cooldown_after_10,6,6,3,credit-service-b98796f55-24lpt,3,190
2026-10-04T20:36:43.356911+00:00,cooldown_after_10,6,6,3,credit-service-b98796f55-2t6zp,3,197
2026-10-04T20:36:43.356911+00:00,cooldown_after_10,6,6,3,credit-service-b98796f55-fpft6,3,190
2026-10-04T20:36:43.356911+00:00,cooldown_after_10,6,6,3,credit-service-b98796f55-h5mvf,3,190
2026-10-04T20:36:43.356911+00:00,cooldown_after_10,6,6,3,credit-service-b98796f55-mtqsc,3,190
2026-10-04T20:36:43.356911+00:00,cooldown_after_10,6,6,3,credit-service-b98796f55-nwdjm,3,189
2026-10-04T20:36:53.537575+00:00,cooldown_after_10,6,6,2,credit-service-b98796f55-24lpt,3,190
2026-10-04T20:36:53.537575+00:00,cooldown_after_10,6,6,2,credit-service-b98796f55-2t6zp,3,197
2026-10-04T20:36:53.537575+00:00,cooldown_after_10,6,6,2,credit-service-b98796f55-fpft6,3,190
2026-10-04T20:36:53.537575+00:00,cooldown_after_10,6,6,2,credit-service-b98796f55-h5mvf,3,190
2026-10-04T20:36:53.537575+00:00,cooldown_after_10,6,6,2,credit-service-b98796f55-mtqsc,2,190
2026-10-04T20:36:53.537575+00:00,cooldown_after_10,6,6,2,credit-service-b98796f55-nwdjm,3,190
2026-10-04T20:37:03.906603+00:00,cooldown_after_10,6,6,2,credit-service-b98796f55-24lpt,3,189
2026-10-04T20:37:03.906603+00:00,cooldown_after_10,6,6,2,credit-service-b98796f55-2t6zp,3,197
2026-10-04T20:37:03.906603+00:00,cooldown_after_10,6,6,2,credit-service-b98796f55-fpft6,2,190
2026-10-04T20:37:03.906603+00:00,cooldown_after_10,6,6,2,credit-service-b98796f55-h5mvf,2,189
2026-10-04T20:37:03.906603+00:00,cooldown_after_10,6,6,2,credit-service-b98796f55-mtqsc,3,190
2026-10-04T20:37:03.906603+00:00,cooldown_after_10,6,6,2,credit-service-b98796f55-nwdjm,3,190
2026-10-04T20:37:14.085392+00:00,cooldown_after_10,6,6,2,credit-service-b98796f55-24lpt,3,189
2026-10-04T20:37:14.085392+00:00,cooldown_after_10,6,6,2,credit-service-b98796f55-2t6zp,2,197
2026-10-04T20:37:14.085392+00:00,cooldown_after_10,6,6,2,credit-service-b98796f55-fpft6,3,190
2026-10-04T20:37:14.085392+00:00,cooldown_after_10,6,6,2,credit-service-b98796f55-h5mvf,3,189
2026-10-04T20:37:14.085392+00:00,cooldown_after_10,6,6,2,credit-service-b98796f55-mtqsc,2,190
2026-10-04T20:37:14.085392+00:00,cooldown_after_10,6,6,2,credit-service-b98796f55-nwdjm,2,189
2026-10-04T20:37:24.240323+00:00,cooldown_after_10,6,6,2,credit-service-b98796f55-24lpt,3,189
2026-10-04T20:37:24.240323+00:00,cooldown_after_10,6,6,2,credit-service-b98796f55-2t6zp,2,197
2026-10-04T20:37:24.240323+00:00,cooldown_after_10,6,6,2,credit-service-b98796f55-fpft6,3,190
2026-10-04T20:37:24.240323+00:00,cooldown_after_10,6,6,2,credit-service-b98796f55-h5mvf,3,189
2026-10-04T20:37:24.240323+00:00,cooldown_after_10,6,6,2,credit-service-b98796f55-mtqsc,2,190
2026-10-04T20:37:24.240323+00:00,cooldown_after_10,6,6,2,credit-service-b98796f55-nwdjm,2,189
2026-10-04T20:37:34.426136+00:00,cooldown_after_10,6,6,2,credit-service-b98796f55-24lpt,3,189
2026-10-04T20:37:34.426136+00:00,cooldown_after_10,6,6,2,credit-service-b98796f55-2t6zp,2,197
2026-10-04T20:37:34.426136+00:00,cooldown_after_10,6,6,2,credit-service-b98796f55-fpft6,2,190
2026-10-04T20:37:34.426136+00:00,cooldown_after_10,6,6,2,credit-service-b98796f55-h5mvf,2,189
2026-10-04T20:37:34.426136+00:00,cooldown_after_10,6,6,2,credit-service-b98796f55-mtqsc,2,190
2026-10-04T20:37:34.426136+00:00,cooldown_after_10,6,6,2,credit-service-b98796f55-nwdjm,3,189
2026-10-04T20:37:44.634175+00:00,cooldown_after_10,6,6,2,credit-service-b98796f55-24lpt,3,189
2026-10-04T20:37:44.634175+00:00,cooldown_after_10,6,6,2,credit-service-b98796f55-2t6zp,2,197
2026-10-04T20:37:44.634175+00:00,cooldown_after_10,6,6,2,credit-service-b98796f55-fpft6,2,190
2026-10-04T20:37:44.634175+00:00,cooldown_after_10,6,6,2,credit-service-b98796f55-h5mvf,3,189
2026-10-04T20:37:44.634175+00:00,cooldown_after_10,6,6,2,credit-service-b98796f55-mtqsc,3,190
2026-10-04T20:37:44.634175+00:00,cooldown_after_10,6,6,2,credit-service-b98796f55-nwdjm,2,190
2026-10-04T20:37:54.809003+00:00,cooldown_after_10,6,6,2,credit-service-b98796f55-24lpt,3,189
2026-10-04T20:37:54.809003+00:00,cooldown_after_10,6,6,2,credit-service-b98796f55-2t6zp,2,197
2026-10-04T20:37:54.809003+00:00,cooldown_after_10,6,6,2,credit-service-b98796f55-fpft6,2,190
2026-10-04T20:37:54.809003+00:00,cooldown_after_10,6,6,2,credit-service-b98796f55-h5mvf,3,189
2026-10-04T20:37:54.809003+00:00,cooldown_after_10,6,6,2,credit-service-b98796f55-mtqsc,3,190
2026-10-04T20:37:54.809003+00:00,cooldown_after_10,6,6,2,credit-service-b98796f55-nwdjm,2,190
2026-10-04T20:38:04.976472+00:00,cooldown_after_10,6,6,2,credit-service-b98796f55-24lpt,3,189
2026-10-04T20:38:04.976472+00:00,cooldown_after_10,6,6,2,credit-service-b98796f55-2t6zp,3,198
2026-10-04T20:38:04.976472+00:00,cooldown_after_10,6,6,2,credit-service-b98796f55-fpft6,2,190
2026-10-04T20:38:04.976472+00:00,cooldown_after_10,6,6,2,credit-service-b98796f55-h5mvf,3,190
2026-10-04T20:38:04.976472+00:00,cooldown_after_10,6,6,2,credit-service-b98796f55-mtqsc,3,190
2026-10-04T20:38:04.976472+00:00,cooldown_after_10,6,6,2,credit-service-b98796f55-nwdjm,3,190
2026-10-04T20:38:15.161255+00:00,cooldown_after_10,6,6,2,credit-service-b98796f55-24lpt,3,190
2026-10-04T20:38:15.161255+00:00,cooldown_after_10,6,6,2,credit-service-b98796f55-2t6zp,2,197
2026-10-04T20:38:15.161255+00:00,cooldown_after_10,6,6,2,credit-service-b98796f55-fpft6,3,190
2026-10-04T20:38:15.161255+00:00,cooldown_after_10,6,6,2,credit-service-b98796f55-h5mvf,3,189
2026-10-04T20:38:15.161255+00:00,cooldown_after_10,6,6,2,credit-service-b98796f55-mtqsc,3,190
2026-10-04T20:38:15.161255+00:00,cooldown_after_10,6,6,2,credit-service-b98796f55-nwdjm,3,190
2026-10-04T20:38:25.326636+00:00,cooldown_after_10,6,6,2,credit-service-b98796f55-24lpt,3,190
2026-10-04T20:38:25.326636+00:00,cooldown_after_10,6,6,2,credit-service-b98796f55-2t6zp,2,197
2026-10-04T20:38:25.326636+00:00,cooldown_after_10,6,6,2,credit-service-b98796f55-fpft6,3,190
2026-10-04T20:38:25.326636+00:00,cooldown_after_10,6,6,2,credit-service-b98796f55-h5mvf,3,189
2026-10-04T20:38:25.326636+00:00,cooldown_after_10,6,6,2,credit-service-b98796f55-mtqsc,3,190
2026-10-04T20:38:25.326636+00:00,cooldown_after_10,6,6,2,credit-service-b98796f55-nwdjm,3,190
2026-10-04T20:38:35.502594+00:00,cooldown_after_10,6,6,2,credit-service-b98796f55-24lpt,2,189
2026-10-04T20:38:35.502594+00:00,cooldown_after_10,6,6,2,credit-service-b98796f55-2t6zp,2,197
2026-10-04T20:38:35.502594+00:00,cooldown_after_10,6,6,2,credit-service-b98796f55-fpft6,2,190
2026-10-04T20:38:35.502594+00:00,cooldown_after_10,6,6,2,credit-service-b98796f55-h5mvf,2,189
2026-10-04T20:38:35.502594+00:00,cooldown_after_10,6,6,2,credit-service-b98796f55-mtqsc,2,190
2026-10-04T20:38:35.502594+00:00,cooldown_after_10,6,6,2,credit-service-b98796f55-nwdjm,2,190
2026-10-04T20:38:45.676516+00:00,cooldown_after_10,6,6,2,credit-service-b98796f55-24lpt,2,189
2026-10-04T20:38:45.676516+00:00,cooldown_after_10,6,6,2,credit-service-b98796f55-2t6zp,3,197
2026-10-04T20:38:45.676516+00:00,cooldown_after_10,6,6,2,credit-service-b98796f55-fpft6,2,190
2026-10-04T20:38:45.676516+00:00,cooldown_after_10,6,6,2,credit-service-b98796f55-h5mvf,2,189
2026-10-04T20:38:45.676516+00:00,cooldown_after_10,6,6,2,credit-service-b98796f55-mtqsc,3,190
2026-10-04T20:38:45.676516+00:00,cooldown_after_10,6,6,2,credit-service-b98796f55-nwdjm,2,189
2026-10-04T20:38:55.839618+00:00,cooldown_after_10,6,6,2,credit-service-b98796f55-24lpt,2,189
2026-10-04T20:38:55.839618+00:00,cooldown_after_10,6,6,2,credit-service-b98796f55-2t6zp,3,197
2026-10-04T20:38:55.839618+00:00,cooldown_after_10,6,6,2,credit-service-b98796f55-fpft6,2,190
2026-10-04T20:38:55.839618+00:00,cooldown_after_10,6,6,2,credit-service-b98796f55-h5mvf,2,189
2026-10-04T20:38:55.839618+00:00,cooldown_after_10,6,6,2,credit-service-b98796f55-mtqsc,3,190
2026-10-04T20:38:55.839618+00:00,cooldown_after_10,6,6,2,credit-service-b98796f55-nwdjm,2,189
2026-10-04T20:39:06.058424+00:00,cooldown_after_10,6,6,2,credit-service-b98796f55-24lpt,3,189
2026-10-04T20:39:06.058424+00:00,cooldown_after_10,6,6,2,credit-service-b98796f55-2t6zp,2,197
2026-10-04T20:39:06.058424+00:00,cooldown_after_10,6,6,2,credit-service-b98796f55-fpft6,2,190
2026-10-04T20:39:06.058424+00:00,cooldown_after_10,6,6,2,credit-service-b98796f55-h5mvf,2,189
2026-10-04T20:39:06.058424+00:00,cooldown_after_10,6,6,2,credit-service-b98796f55-mtqsc,3,190
2026-10-04T20:39:06.058424+00:00,cooldown_after_10,6,6,2,credit-service-b98796f55-nwdjm,2,190
2026-10-04T20:39:16.208518+00:00,cooldown_after_10,6,6,2,credit-service-b98796f55-24lpt,2,189
2026-10-04T20:39:16.208518+00:00,cooldown_after_10,6,6,2,credit-service-b98796f55-2t6zp,3,197
2026-10-04T20:39:16.208518+00:00,cooldown_after_10,6,6,2,credit-service-b98796f55-fpft6,2,190
2026-10-04T20:39:16.208518+00:00,cooldown_after_10,6,6,2,credit-service-b98796f55-h5mvf,2,189
2026-10-04T20:39:16.208518+00:00,cooldown_after_10,6,6,2,credit-service-b98796f55-mtqsc,2,190
2026-10-04T20:39:16.208518+00:00,cooldown_after_10,6,6,2,credit-service-b98796f55-nwdjm,2,189
2026-10-04T20:39:26.370458+00:00,cooldown_after_10,6,6,2,credit-service-b98796f55-24lpt,2,189
2026-10-04T20:39:26.370458+00:00,cooldown_after_10,6,6,2,credit-service-b98796f55-2t6zp,3,197
2026-10-04T20:39:26.370458+00:00,cooldown_after_10,6,6,2,credit-service-b98796f55-fpft6,2,190
2026-10-04T20:39:26.370458+00:00,cooldown_after_10,6,6,2,credit-service-b98796f55-h5mvf,2,189
2026-10-04T20:39:26.370458+00:00,cooldown_after_10,6,6,2,credit-service-b98796f55-mtqsc,2,190
2026-10-04T20:39:26.370458+00:00,cooldown_after_10,6,6,2,credit-service-b98796f55-nwdjm,2,189
2026-10-04T20:39:36.513456+00:00,cooldown_after_10,6,2,2,credit-service-b98796f55-2t6zp,3,197
2026-10-04T20:39:36.513456+00:00,cooldown_after_10,6,2,2,credit-service-b98796f55-mtqsc,2,190
2026-10-04T20:39:46.661050+00:00,cooldown_after_10,2,2,2,credit-service-b98796f55-2t6zp,2,197
2026-10-04T20:39:46.661050+00:00,cooldown_after_10,2,2,2,credit-service-b98796f55-mtqsc,3,190
2026-10-04T20:39:56.989641+00:00,cooldown_after_10,2,2,2,credit-service-b98796f55-2t6zp,2,197
2026-10-04T20:39:56.989641+00:00,cooldown_after_10,2,2,2,credit-service-b98796f55-mtqsc,3,190
2026-10-04T20:40:07.222327+00:00,cooldown_after_10,2,2,2,credit-service-b98796f55-2t6zp,2,197
2026-10-04T20:40:07.222327+00:00,cooldown_after_10,2,2,2,credit-service-b98796f55-mtqsc,3,190
2026-10-04T20:40:17.402390+00:00,cooldown_after_10,2,2,3,credit-service-b98796f55-2t6zp,3,197
2026-10-04T20:40:17.402390+00:00,cooldown_after_10,2,2,3,credit-service-b98796f55-mtqsc,3,190
2026-10-04T20:40:27.621594+00:00,users_1,2,2,3,credit-service-b98796f55-2t6zp,3,197
2026-10-04T20:40:27.621594+00:00,users_1,2,2,3,credit-service-b98796f55-mtqsc,3,190
2026-10-04T20:40:37.840162+00:00,users_1,2,2,7,credit-service-b98796f55-2t6zp,12,198
2026-10-04T20:40:37.840162+00:00,users_1,2,2,7,credit-service-b98796f55-mtqsc,3,190
2026-10-04T20:40:48.019352+00:00,users_1,2,2,18,credit-service-b98796f55-2t6zp,23,198
2026-10-04T20:40:48.019352+00:00,users_1,2,2,18,credit-service-b98796f55-mtqsc,14,191
2026-10-04T20:40:58.197490+00:00,users_1,2,2,18,credit-service-b98796f55-2t6zp,23,198
2026-10-04T20:40:58.197490+00:00,users_1,2,2,18,credit-service-b98796f55-mtqsc,14,191
2026-10-04T20:41:08.367228+00:00,users_1,2,2,22,credit-service-b98796f55-2t6zp,22,198
2026-10-04T20:41:08.367228+00:00,users_1,2,2,22,credit-service-b98796f55-mtqsc,23,191
2026-10-04T20:41:18.569433+00:00,users_1,2,2,22,credit-service-b98796f55-2t6zp,22,198
2026-10-04T20:41:18.569433+00:00,users_1,2,2,22,credit-service-b98796f55-mtqsc,22,191
2026-10-04T20:41:28.739905+00:00,users_1,2,2,22,credit-service-b98796f55-2t6zp,22,198
2026-10-04T20:41:28.739905+00:00,users_1,2,2,22,credit-service-b98796f55-mtqsc,22,191
2026-10-04T20:41:38.936974+00:00,users_1,2,2,23,credit-service-b98796f55-2t6zp,23,198
2026-10-04T20:41:38.936974+00:00,users_1,2,2,23,credit-service-b98796f55-mtqsc,24,191
2026-10-04T20:41:49.114824+00:00,users_1,2,2,22,credit-service-b98796f55-2t6zp,24,198
2026-10-04T20:41:49.114824+00:00,users_1,2,2,22,credit-service-b98796f55-mtqsc,21,191
2026-10-04T20:41:59.289534+00:00,users_1,2,2,22,credit-service-b98796f55-2t6zp,21,198
2026-10-04T20:41:59.289534+00:00,users_1,2,2,22,credit-service-b98796f55-mtqsc,23,191
2026-10-04T20:42:09.465234+00:00,users_1,2,2,22,credit-service-b98796f55-2t6zp,21,198
2026-10-04T20:42:09.465234+00:00,users_1,2,2,22,credit-service-b98796f55-mtqsc,23,191
2026-10-04T20:42:19.673410+00:00,users_1,2,2,22,credit-service-b98796f55-2t6zp,23,197
2026-10-04T20:42:19.673410+00:00,users_1,2,2,22,credit-service-b98796f55-mtqsc,22,191
2026-10-04T20:42:29.836273+00:00,users_5,2,2,22,credit-service-b98796f55-2t6zp,25,198
2026-10-04T20:42:29.836273+00:00,users_5,2,2,22,credit-service-b98796f55-mtqsc,22,191
2026-10-04T20:42:40.098031+00:00,users_5,2,2,23,credit-service-b98796f55-2t6zp,25,198
2026-10-04T20:42:40.098031+00:00,users_5,2,2,23,credit-service-b98796f55-mtqsc,22,191
2026-10-04T20:42:50.280914+00:00,users_5,2,2,59,credit-service-b98796f55-2t6zp,62,198
2026-10-04T20:42:50.280914+00:00,users_5,2,2,59,credit-service-b98796f55-mtqsc,57,192
2026-10-04T20:43:00.440102+00:00,users_5,2,2,59,credit-service-b98796f55-2t6zp,105,199
2026-10-04T20:43:00.440102+00:00,users_5,2,2,59,credit-service-b98796f55-mtqsc,100,192
2026-10-04T20:43:10.620313+00:00,users_5,2,4,102,credit-service-b98796f55-2t6zp,105,199
2026-10-04T20:43:10.620313+00:00,users_5,2,4,102,credit-service-b98796f55-mtqsc,100,192
2026-10-04T20:43:20.829299+00:00,users_5,4,4,98,credit-service-b98796f55-2t6zp,97,199
2026-10-04T20:43:20.829299+00:00,users_5,4,4,98,credit-service-b98796f55-mtqsc,100,192
2026-10-04T20:43:31.002750+00:00,users_5,4,4,68,credit-service-b98796f55-2t6zp,77,199
2026-10-04T20:43:31.002750+00:00,users_5,4,4,68,credit-service-b98796f55-4j4hl,341,189
2026-10-04T20:43:31.002750+00:00,users_5,4,4,68,credit-service-b98796f55-9xf8j,55,190
2026-10-04T20:43:31.002750+00:00,users_5,4,4,68,credit-service-b98796f55-mtqsc,73,192
2026-10-04T20:43:41.167280+00:00,users_5,4,4,68,credit-service-b98796f55-2t6zp,77,199
2026-10-04T20:43:41.167280+00:00,users_5,4,4,68,credit-service-b98796f55-4j4hl,341,189
2026-10-04T20:43:41.167280+00:00,users_5,4,4,68,credit-service-b98796f55-9xf8j,55,190
2026-10-04T20:43:41.167280+00:00,users_5,4,4,68,credit-service-b98796f55-mtqsc,73,192
2026-10-04T20:43:51.368736+00:00,users_5,4,4,53,credit-service-b98796f55-2t6zp,53,199
2026-10-04T20:43:51.368736+00:00,users_5,4,4,53,credit-service-b98796f55-4j4hl,51,189
2026-10-04T20:43:51.368736+00:00,users_5,4,4,53,credit-service-b98796f55-9xf8j,55,190
2026-10-04T20:43:51.368736+00:00,users_5,4,4,53,credit-service-b98796f55-mtqsc,54,192
2026-10-04T20:44:01.599775+00:00,users_5,4,4,52,credit-service-b98796f55-2t6zp,51,198
2026-10-04T20:44:01.599775+00:00,users_5,4,4,52,credit-service-b98796f55-4j4hl,55,189
2026-10-04T20:44:01.599775+00:00,users_5,4,4,52,credit-service-b98796f55-9xf8j,52,191
2026-10-04T20:44:01.599775+00:00,users_5,4,4,52,credit-service-b98796f55-mtqsc,50,191
2026-10-04T20:44:11.767428+00:00,users_5,4,4,52,credit-service-b98796f55-2t6zp,51,198
2026-10-04T20:44:11.767428+00:00,users_5,4,4,52,credit-service-b98796f55-4j4hl,55,189
2026-10-04T20:44:11.767428+00:00,users_5,4,4,52,credit-service-b98796f55-9xf8j,52,191
2026-10-04T20:44:11.767428+00:00,users_5,4,4,52,credit-service-b98796f55-mtqsc,50,191
2026-10-04T20:44:21.938195+00:00,users_5,4,4,54,credit-service-b98796f55-2t6zp,55,199
2026-10-04T20:44:21.938195+00:00,users_5,4,4,54,credit-service-b98796f55-4j4hl,54,190
2026-10-04T20:44:21.938195+00:00,users_5,4,4,54,credit-service-b98796f55-9xf8j,57,190
2026-10-04T20:44:21.938195+00:00,users_5,4,4,54,credit-service-b98796f55-mtqsc,52,192
2026-10-04T20:44:32.085934+00:00,users_5,4,4,51,credit-service-b98796f55-2t6zp,52,198
2026-10-04T20:44:32.085934+00:00,users_5,4,4,51,credit-service-b98796f55-4j4hl,50,190
2026-10-04T20:44:32.085934+00:00,users_5,4,4,51,credit-service-b98796f55-9xf8j,53,190
2026-10-04T20:44:32.085934+00:00,users_5,4,4,51,credit-service-b98796f55-mtqsc,51,192
2026-10-04T20:44:42.286184+00:00,users_5,4,4,51,credit-service-b98796f55-2t6zp,52,198
2026-10-04T20:44:42.286184+00:00,users_5,4,4,51,credit-service-b98796f55-4j4hl,50,190
2026-10-04T20:44:42.286184+00:00,users_5,4,4,51,credit-service-b98796f55-9xf8j,53,190
2026-10-04T20:44:42.286184+00:00,users_5,4,4,51,credit-service-b98796f55-mtqsc,51,192
2026-10-04T20:44:52.463760+00:00,users_5,4,4,50,credit-service-b98796f55-2t6zp,53,199
2026-10-04T20:44:52.463760+00:00,users_5,4,4,50,credit-service-b98796f55-4j4hl,51,190
2026-10-04T20:44:52.463760+00:00,users_5,4,4,50,credit-service-b98796f55-9xf8j,50,190
2026-10-04T20:44:52.463760+00:00,users_5,4,4,50,credit-service-b98796f55-mtqsc,48,191
2026-10-04T20:45:02.705869+00:00,users_5,4,4,52,credit-service-b98796f55-2t6zp,53,200
2026-10-04T20:45:02.705869+00:00,users_5,4,4,52,credit-service-b98796f55-4j4hl,50,190
2026-10-04T20:45:02.705869+00:00,users_5,4,4,52,credit-service-b98796f55-9xf8j,54,190
2026-10-04T20:45:02.705869+00:00,users_5,4,4,52,credit-service-b98796f55-mtqsc,54,192
2026-10-04T20:45:12.866918+00:00,users_5,4,4,52,credit-service-b98796f55-2t6zp,53,200
2026-10-04T20:45:12.866918+00:00,users_5,4,4,52,credit-service-b98796f55-4j4hl,50,190
2026-10-04T20:45:12.866918+00:00,users_5,4,4,52,credit-service-b98796f55-9xf8j,54,190
2026-10-04T20:45:12.866918+00:00,users_5,4,4,52,credit-service-b98796f55-mtqsc,54,192
2026-10-04T20:45:23.044065+00:00,users_5,4,4,51,credit-service-b98796f55-2t6zp,53,200
2026-10-04T20:45:23.044065+00:00,users_5,4,4,51,credit-service-b98796f55-4j4hl,50,190
2026-10-04T20:45:23.044065+00:00,users_5,4,4,51,credit-service-b98796f55-9xf8j,52,190
2026-10-04T20:45:23.044065+00:00,users_5,4,4,51,credit-service-b98796f55-mtqsc,52,192
2026-10-04T20:45:33.255261+00:00,users_5,4,4,48,credit-service-b98796f55-2t6zp,46,198
2026-10-04T20:45:33.255261+00:00,users_5,4,4,48,credit-service-b98796f55-4j4hl,51,190
2026-10-04T20:45:33.255261+00:00,users_5,4,4,48,credit-service-b98796f55-9xf8j,49,191
2026-10-04T20:45:33.255261+00:00,users_5,4,4,48,credit-service-b98796f55-mtqsc,49,192
2026-10-04T20:45:43.413542+00:00,cooldown_after_5,4,4,48,credit-service-b98796f55-2t6zp,46,198
2026-10-04T20:45:43.413542+00:00,cooldown_after_5,4,4,48,credit-service-b98796f55-4j4hl,51,190
2026-10-04T20:45:43.413542+00:00,cooldown_after_5,4,4,48,credit-service-b98796f55-9xf8j,49,191
2026-10-04T20:45:43.413542+00:00,cooldown_after_5,4,4,48,credit-service-b98796f55-mtqsc,49,192
2026-10-04T20:45:53.556971+00:00,cooldown_after_5,4,4,14,credit-service-b98796f55-2t6zp,3,198
2026-10-04T20:45:53.556971+00:00,cooldown_after_5,4,4,14,credit-service-b98796f55-4j4hl,27,189
2026-10-04T20:45:53.556971+00:00,cooldown_after_5,4,4,14,credit-service-b98796f55-9xf8j,12,190
2026-10-04T20:45:53.556971+00:00,cooldown_after_5,4,4,14,credit-service-b98796f55-mtqsc,16,191
2026-10-04T20:46:03.712004+00:00,cooldown_after_5,4,4,2,credit-service-b98796f55-2t6zp,2,198
2026-10-04T20:46:03.712004+00:00,cooldown_after_5,4,4,2,credit-service-b98796f55-4j4hl,2,189
2026-10-04T20:46:03.712004+00:00,cooldown_after_5,4,4,2,credit-service-b98796f55-9xf8j,2,190
2026-10-04T20:46:03.712004+00:00,cooldown_after_5,4,4,2,credit-service-b98796f55-mtqsc,2,191
2026-10-04T20:46:13.940779+00:00,cooldown_after_5,4,4,2,credit-service-b98796f55-2t6zp,2,198
2026-10-04T20:46:13.940779+00:00,cooldown_after_5,4,4,2,credit-service-b98796f55-4j4hl,2,189
2026-10-04T20:46:13.940779+00:00,cooldown_after_5,4,4,2,credit-service-b98796f55-9xf8j,2,190
2026-10-04T20:46:13.940779+00:00,cooldown_after_5,4,4,2,credit-service-b98796f55-mtqsc,2,191
2026-10-04T20:46:24.107483+00:00,cooldown_after_5,4,4,2,credit-service-b98796f55-2t6zp,3,198
2026-10-04T20:46:24.107483+00:00,cooldown_after_5,4,4,2,credit-service-b98796f55-4j4hl,2,189
2026-10-04T20:46:24.107483+00:00,cooldown_after_5,4,4,2,credit-service-b98796f55-9xf8j,2,190
2026-10-04T20:46:24.107483+00:00,cooldown_after_5,4,4,2,credit-service-b98796f55-mtqsc,3,192
2026-10-04T20:46:34.288718+00:00,cooldown_after_5,4,4,2,credit-service-b98796f55-2t6zp,2,198
2026-10-04T20:46:34.288718+00:00,cooldown_after_5,4,4,2,credit-service-b98796f55-4j4hl,2,189
2026-10-04T20:46:34.288718+00:00,cooldown_after_5,4,4,2,credit-service-b98796f55-9xf8j,3,190
2026-10-04T20:46:34.288718+00:00,cooldown_after_5,4,4,2,credit-service-b98796f55-mtqsc,2,191
2026-10-04T20:46:44.463090+00:00,cooldown_after_5,4,4,2,credit-service-b98796f55-2t6zp,2,198
2026-10-04T20:46:44.463090+00:00,cooldown_after_5,4,4,2,credit-service-b98796f55-4j4hl,3,189
2026-10-04T20:46:44.463090+00:00,cooldown_after_5,4,4,2,credit-service-b98796f55-9xf8j,2,190
2026-10-04T20:46:44.463090+00:00,cooldown_after_5,4,4,2,credit-service-b98796f55-mtqsc,3,191
2026-10-04T20:46:54.644919+00:00,cooldown_after_5,4,4,2,credit-service-b98796f55-2t6zp,2,198
2026-10-04T20:46:54.644919+00:00,cooldown_after_5,4,4,2,credit-service-b98796f55-4j4hl,3,189
2026-10-04T20:46:54.644919+00:00,cooldown_after_5,4,4,2,credit-service-b98796f55-9xf8j,2,190
2026-10-04T20:46:54.644919+00:00,cooldown_after_5,4,4,2,credit-service-b98796f55-mtqsc,3,191
2026-10-04T20:47:04.825376+00:00,cooldown_after_5,4,4,2,credit-service-b98796f55-2t6zp,2,198
2026-10-04T20:47:04.825376+00:00,cooldown_after_5,4,4,2,credit-service-b98796f55-4j4hl,2,189
2026-10-04T20:47:04.825376+00:00,cooldown_after_5,4,4,2,credit-service-b98796f55-9xf8j,3,190
2026-10-04T20:47:04.825376+00:00,cooldown_after_5,4,4,2,credit-service-b98796f55-mtqsc,2,191
2026-10-04T20:47:15.001292+00:00,cooldown_after_5,4,4,2,credit-service-b98796f55-2t6zp,2,198
2026-10-04T20:47:15.001292+00:00,cooldown_after_5,4,4,2,credit-service-b98796f55-4j4hl,2,189
2026-10-04T20:47:15.001292+00:00,cooldown_after_5,4,4,2,credit-service-b98796f55-9xf8j,2,190
2026-10-04T20:47:15.001292+00:00,cooldown_after_5,4,4,2,credit-service-b98796f55-mtqsc,3,191
2026-10-04T20:47:25.169358+00:00,cooldown_after_5,4,4,2,credit-service-b98796f55-2t6zp,2,198
2026-10-04T20:47:25.169358+00:00,cooldown_after_5,4,4,2,credit-service-b98796f55-4j4hl,2,189
2026-10-04T20:47:25.169358+00:00,cooldown_after_5,4,4,2,credit-service-b98796f55-9xf8j,2,190
2026-10-04T20:47:25.169358+00:00,cooldown_after_5,4,4,2,credit-service-b98796f55-mtqsc,3,191
2026-10-04T20:47:35.332918+00:00,cooldown_after_5,4,4,2,credit-service-b98796f55-2t6zp,3,198
2026-10-04T20:47:35.332918+00:00,cooldown_after_5,4,4,2,credit-service-b98796f55-4j4hl,2,189
2026-10-04T20:47:35.332918+00:00,cooldown_after_5,4,4,2,credit-service-b98796f55-9xf8j,2,190
2026-10-04T20:47:35.332918+00:00,cooldown_after_5,4,4,2,credit-service-b98796f55-mtqsc,3,191
2026-10-04T20:47:45.508855+00:00,cooldown_after_5,4,4,2,credit-service-b98796f55-2t6zp,3,198
2026-10-04T20:47:45.508855+00:00,cooldown_after_5,4,4,2,credit-service-b98796f55-4j4hl,2,189
2026-10-04T20:47:45.508855+00:00,cooldown_after_5,4,4,2,credit-service-b98796f55-9xf8j,3,190
2026-10-04T20:47:45.508855+00:00,cooldown_after_5,4,4,2,credit-service-b98796f55-mtqsc,3,191
2026-10-04T20:47:55.659509+00:00,cooldown_after_5,4,4,2,credit-service-b98796f55-2t6zp,3,198
2026-10-04T20:47:55.659509+00:00,cooldown_after_5,4,4,2,credit-service-b98796f55-4j4hl,2,189
2026-10-04T20:47:55.659509+00:00,cooldown_after_5,4,4,2,credit-service-b98796f55-9xf8j,3,190
2026-10-04T20:47:55.659509+00:00,cooldown_after_5,4,4,2,credit-service-b98796f55-mtqsc,3,191
2026-10-04T20:48:05.826558+00:00,cooldown_after_5,4,4,2,credit-service-b98796f55-2t6zp,3,199
2026-10-04T20:48:05.826558+00:00,cooldown_after_5,4,4,2,credit-service-b98796f55-4j4hl,2,189
2026-10-04T20:48:05.826558+00:00,cooldown_after_5,4,4,2,credit-service-b98796f55-9xf8j,2,190
2026-10-04T20:48:05.826558+00:00,cooldown_after_5,4,4,2,credit-service-b98796f55-mtqsc,2,191
2026-10-04T20:48:16.004585+00:00,cooldown_after_5,4,4,2,credit-service-b98796f55-2t6zp,2,198
2026-10-04T20:48:16.004585+00:00,cooldown_after_5,4,4,2,credit-service-b98796f55-4j4hl,2,190
2026-10-04T20:48:16.004585+00:00,cooldown_after_5,4,4,2,credit-service-b98796f55-9xf8j,2,190
2026-10-04T20:48:16.004585+00:00,cooldown_after_5,4,4,2,credit-service-b98796f55-mtqsc,2,191
2026-10-04T20:48:26.189965+00:00,cooldown_after_5,4,4,2,credit-service-b98796f55-2t6zp,2,198
2026-10-04T20:48:26.189965+00:00,cooldown_after_5,4,4,2,credit-service-b98796f55-4j4hl,2,190
2026-10-04T20:48:26.189965+00:00,cooldown_after_5,4,4,2,credit-service-b98796f55-9xf8j,2,190
2026-10-04T20:48:26.189965+00:00,cooldown_after_5,4,4,2,credit-service-b98796f55-mtqsc,2,191
2026-10-04T20:48:36.338531+00:00,cooldown_after_5,4,4,2,credit-service-b98796f55-2t6zp,3,198
2026-10-04T20:48:36.338531+00:00,cooldown_after_5,4,4,2,credit-service-b98796f55-4j4hl,2,189
2026-10-04T20:48:36.338531+00:00,cooldown_after_5,4,4,2,credit-service-b98796f55-9xf8j,3,190
2026-10-04T20:48:36.338531+00:00,cooldown_after_5,4,4,2,credit-service-b98796f55-mtqsc,2,191
2026-10-04T20:48:46.488108+00:00,cooldown_after_5,4,4,2,credit-service-b98796f55-2t6zp,2,198
2026-10-04T20:48:46.488108+00:00,cooldown_after_5,4,4,2,credit-service-b98796f55-4j4hl,2,189
2026-10-04T20:48:46.488108+00:00,cooldown_after_5,4,4,2,credit-service-b98796f55-9xf8j,2,190
2026-10-04T20:48:46.488108+00:00,cooldown_after_5,4,4,2,credit-service-b98796f55-mtqsc,2,191
2026-10-04T20:48:56.636399+00:00,cooldown_after_5,4,4,2,credit-service-b98796f55-2t6zp,2,198
2026-10-04T20:48:56.636399+00:00,cooldown_after_5,4,4,2,credit-service-b98796f55-4j4hl,2,189
2026-10-04T20:48:56.636399+00:00,cooldown_after_5,4,4,2,credit-service-b98796f55-9xf8j,2,190
2026-10-04T20:48:56.636399+00:00,cooldown_after_5,4,4,2,credit-service-b98796f55-mtqsc,2,191
2026-10-04T20:49:06.788462+00:00,cooldown_after_5,4,4,2,credit-service-b98796f55-2t6zp,2,198
2026-10-04T20:49:06.788462+00:00,cooldown_after_5,4,4,2,credit-service-b98796f55-4j4hl,2,189
2026-10-04T20:49:06.788462+00:00,cooldown_after_5,4,4,2,credit-service-b98796f55-9xf8j,3,190
2026-10-04T20:49:06.788462+00:00,cooldown_after_5,4,4,2,credit-service-b98796f55-mtqsc,2,191
2026-10-04T20:49:16.930462+00:00,cooldown_after_5,4,4,2,credit-service-b98796f55-2t6zp,3,198
2026-10-04T20:49:16.930462+00:00,cooldown_after_5,4,4,2,credit-service-b98796f55-4j4hl,2,189
2026-10-04T20:49:16.930462+00:00,cooldown_after_5,4,4,2,credit-service-b98796f55-9xf8j,2,190
2026-10-04T20:49:16.930462+00:00,cooldown_after_5,4,4,2,credit-service-b98796f55-mtqsc,2,191
2026-10-04T20:49:27.114751+00:00,cooldown_after_5,4,4,2,credit-service-b98796f55-2t6zp,3,198
2026-10-04T20:49:27.114751+00:00,cooldown_after_5,4,4,2,credit-service-b98796f55-4j4hl,2,189
2026-10-04T20:49:27.114751+00:00,cooldown_after_5,4,4,2,credit-service-b98796f55-9xf8j,2,190
2026-10-04T20:49:27.114751+00:00,cooldown_after_5,4,4,2,credit-service-b98796f55-mtqsc,2,191
2026-10-04T20:49:37.417085+00:00,cooldown_after_5,4,4,2,credit-service-b98796f55-2t6zp,2,198
2026-10-04T20:49:37.417085+00:00,cooldown_after_5,4,4,2,credit-service-b98796f55-4j4hl,2,189
2026-10-04T20:49:37.417085+00:00,cooldown_after_5,4,4,2,credit-service-b98796f55-9xf8j,2,190
2026-10-04T20:49:37.417085+00:00,cooldown_after_5,4,4,2,credit-service-b98796f55-mtqsc,2,191
2026-10-04T20:49:47.591672+00:00,cooldown_after_5,4,4,2,credit-service-b98796f55-2t6zp,2,198
2026-10-04T20:49:47.591672+00:00,cooldown_after_5,4,4,2,credit-service-b98796f55-4j4hl,2,189
2026-10-04T20:49:47.591672+00:00,cooldown_after_5,4,4,2,credit-service-b98796f55-9xf8j,2,190
2026-10-04T20:49:47.591672+00:00,cooldown_after_5,4,4,2,credit-service-b98796f55-mtqsc,2,191
2026-10-04T20:49:57.738256+00:00,cooldown_after_5,4,4,2,credit-service-b98796f55-2t6zp,2,198
2026-10-04T20:49:57.738256+00:00,cooldown_after_5,4,4,2,credit-service-b98796f55-4j4hl,2,189
2026-10-04T20:49:57.738256+00:00,cooldown_after_5,4,4,2,credit-service-b98796f55-9xf8j,2,190
2026-10-04T20:49:57.738256+00:00,cooldown_after_5,4,4,2,credit-service-b98796f55-mtqsc,2,191
2026-10-04T20:50:07.886653+00:00,cooldown_after_5,4,4,2,credit-service-b98796f55-2t6zp,3,198
2026-10-04T20:50:07.886653+00:00,cooldown_after_5,4,4,2,credit-service-b98796f55-4j4hl,2,189
2026-10-04T20:50:07.886653+00:00,cooldown_after_5,4,4,2,credit-service-b98796f55-9xf8j,2,190
2026-10-04T20:50:07.886653+00:00,cooldown_after_5,4,4,2,credit-service-b98796f55-mtqsc,3,191
2026-10-04T20:50:18.079608+00:00,cooldown_after_5,4,4,2,credit-service-b98796f55-2t6zp,3,198
2026-10-04T20:50:18.079608+00:00,cooldown_after_5,4,4,2,credit-service-b98796f55-4j4hl,2,189
2026-10-04T20:50:18.079608+00:00,cooldown_after_5,4,4,2,credit-service-b98796f55-9xf8j,2,190
2026-10-04T20:50:18.079608+00:00,cooldown_after_5,4,4,2,credit-service-b98796f55-mtqsc,3,191
2026-10-04T20:50:28.249531+00:00,cooldown_after_5,4,4,2,credit-service-b98796f55-2t6zp,3,198
2026-10-04T20:50:28.249531+00:00,cooldown_after_5,4,4,2,credit-service-b98796f55-4j4hl,2,189
2026-10-04T20:50:28.249531+00:00,cooldown_after_5,4,4,2,credit-service-b98796f55-9xf8j,2,190
2026-10-04T20:50:28.249531+00:00,cooldown_after_5,4,4,2,credit-service-b98796f55-mtqsc,3,191
2026-10-04T20:50:38.429981+00:00,cooldown_after_5,4,2,2,credit-service-b98796f55-2t6zp,2,198
2026-10-04T20:50:38.429981+00:00,cooldown_after_5,4,2,2,credit-service-b98796f55-mtqsc,3,191
2026-10-04T20:50:48.585720+00:00,cooldown_after_5,2,2,2,credit-service-b98796f55-2t6zp,2,198
2026-10-04T20:50:48.585720+00:00,cooldown_after_5,2,2,2,credit-service-b98796f55-mtqsc,2,191
2026-10-04T20:50:58.764990+00:00,cooldown_after_5,2,2,2,credit-service-b98796f55-2t6zp,2,198
2026-10-04T20:50:58.764990+00:00,cooldown_after_5,2,2,2,credit-service-b98796f55-mtqsc,2,191
2026-10-04T20:51:08.931782+00:00,cooldown_after_5,2,2,3,credit-service-b98796f55-2t6zp,3,198
2026-10-04T20:51:08.931782+00:00,cooldown_after_5,2,2,3,credit-service-b98796f55-mtqsc,3,191
2026-10-04T20:51:19.095492+00:00,cooldown_after_5,2,2,3,credit-service-b98796f55-2t6zp,3,198
2026-10-04T20:51:19.095492+00:00,cooldown_after_5,2,2,3,credit-service-b98796f55-mtqsc,3,191
2026-10-04T20:51:29.689562+00:00,cooldown_after_5,2,2,3,credit-service-b98796f55-2t6zp,3,198
2026-10-04T20:51:29.689562+00:00,cooldown_after_5,2,2,3,credit-service-b98796f55-mtqsc,3,191
2026-10-04T20:51:39.900273+00:00,cooldown_after_5,2,2,3,credit-service-b98796f55-mtqsc,3,191
2026-10-04T20:51:50.120924+00:00,cooldown_after_5,2,2,,credit-service-db599dc7-cwcfv,354,184
2026-10-04T20:52:00.719611+00:00,cooldown_after_5,2,2,,credit-service-db599dc7-cwcfv,2,184
2026-10-04T20:52:00.719611+00:00,cooldown_after_5,2,2,,credit-service-db599dc7-ssrxs,39,185
2026-10-04T20:52:10.903654+00:00,cooldown_after_5,2,2,2,credit-service-db599dc7-cwcfv,2,184
2026-10-04T20:52:10.903654+00:00,cooldown_after_5,2,2,2,credit-service-db599dc7-ssrxs,39,185
2026-10-04T20:52:21.051751+00:00,cooldown_after_5,2,2,1,credit-service-db599dc7-cwcfv,2,185
2026-10-04T20:52:21.051751+00:00,cooldown_after_5,2,2,1,credit-service-db599dc7-ssrxs,0,185
2026-10-04T20:52:31.207201+00:00,cooldown_after_5,2,2,1,credit-service-db599dc7-cwcfv,2,185
2026-10-04T20:52:31.207201+00:00,cooldown_after_5,2,2,1,credit-service-db599dc7-ssrxs,2,185
